{
    "scenes": [
        {
            "sceneUuid": "2c9c55fb-1667-418b-b947-6d6cbb9dbcd8",
            "name": "Name",
            "locationUuid": "0457dcc4-1a41-4870-8617-a5aa5c432817",
            "characterUuids": [
                "206108ce-506d-4a3f-971e-bf61e4d4d0a5",
                "e4e4617d-84a5-4ae6-83b5-bded97ee0611"
            ],
            "cameraPropDatas": [
                {
                    "propUuid": "478524f7-d380-405b-abd6-e3516bf27d0d",
                    "position": {
                        "x": -1.485338807106018,
                        "y": 0.6531201601028442,
                        "z": 0.6810728311538696
                    },
                    "rotation": {
                        "x": 9.210911750793457,
                        "y": 110.83330535888672,
                        "z": 1.631361722946167
                    },
                    "FOV": 132.9696502685547,
                    "spoutName": "SharpLens"
                },
                {
                    "propUuid": "e9966890-ab98-4024-b7fe-1f04d38bd546",
                    "position": {
                        "x": 1.6735317707061768,
                        "y": 1.5586516857147217,
                        "z": 0.9879268407821655
                    },
                    "rotation": {
                        "x": 34.7305793762207,
                        "y": 239.23248291015626,
                        "z": 359.85064697265627
                    },
                    "FOV": 99.62359619140625,
                    "spoutName": "DeepLook"
                },
                {
                    "propUuid": "53a9070c-3bbb-44ad-901c-8710507b303f",
                    "position": {
                        "x": -1.3060694932937623,
                        "y": 1.463060736656189,
                        "z": 1.1468970775604249
                    },
                    "rotation": {
                        "x": 31.53850746154785,
                        "y": 125.76821899414063,
                        "z": 357.4072265625
                    },
                    "FOV": 6.478824138641357,
                    "spoutName": "ClearScope"
                }
            ],
            "objectPropDatas": [
                {
                    "propUuid": "c43e5c74-2f01-4f24-9d1e-7a6f31f399ab",
                    "position": {
                        "x": 0.3490700423717499,
                        "y": 0.9065439105033875,
                        "z": 1.8385839462280274
                    },
                    "rotation": {
                        "x": -0.000007526681201852625,
                        "y": 0.6937729716300964,
                        "z": -0.000026953821361530572
                    },
                    "assetPropertiesUuid": "1f989113-98cd-48db-8989-dc5ed276933c"
                },
                {
                    "propUuid": "192bef63-40af-4430-ac81-c9900cc6f878",
                    "position": {
                        "x": 1.2575427293777466,
                        "y": 0.483706533908844,
                        "z": 1.6515674591064454
                    },
                    "rotation": {
                        "x": 62.75741958618164,
                        "y": 13.539703369140625,
                        "z": 160.45420837402345
                    },
                    "assetPropertiesUuid": "e0d6259b-8117-49d7-8b7d-7c7cb2242e30"
                },
                {
                    "propUuid": "e6bcb772-59c7-43e9-8282-c6aa66b5d2dd",
                    "position": {
                        "x": 0.3782714903354645,
                        "y": 1.105104923248291,
                        "z": 1.6366634368896485
                    },
                    "rotation": {
                        "x": -0.00007566951535409316,
                        "y": 22.8299560546875,
                        "z": -0.000029444117899402045
                    },
                    "assetPropertiesUuid": "1f989113-98cd-48db-8989-dc5ed276933c"
                },
                {
                    "propUuid": "cbe50731-e8c3-4be4-8ab4-981e2c2c6c01",
                    "position": {
                        "x": -1.2846827507019044,
                        "y": 0.521487832069397,
                        "z": 1.418349266052246
                    },
                    "rotation": {
                        "x": 55.837310791015628,
                        "y": 348.1837463378906,
                        "z": 154.6471405029297
                    },
                    "assetPropertiesUuid": "e0d6259b-8117-49d7-8b7d-7c7cb2242e30"
                }
            ]
        },
        {
            "sceneUuid": "842031cf-7d0a-466c-8f98-a8a811a9c7ee",
            "name": "sheeeeeesh",
            "locationUuid": "0457dcc4-1a41-4870-8617-a5aa5c432817",
            "characterUuids": [
                "206108ce-506d-4a3f-971e-bf61e4d4d0a5",
                "e4e4617d-84a5-4ae6-83b5-bded97ee0611"
            ],
            "cameraPropDatas": [
                {
                    "propUuid": "129e832b-2737-403f-bfaa-745ad0be9bfa",
                    "position": {
                        "x": -1.6011672019958497,
                        "y": 1.5136730670928956,
                        "z": 1.319040060043335
                    },
                    "rotation": {
                        "x": 28.069168090820314,
                        "y": 125.3590087890625,
                        "z": 359.1391296386719
                    },
                    "FOV": 60.0,
                    "spoutName": "EasyView"
                },
                {
                    "propUuid": "456a5910-9a51-46cd-bf66-0490ba33424a",
                    "position": {
                        "x": 1.221949577331543,
                        "y": 1.3059054613113404,
                        "z": 0.7473815679550171
                    },
                    "rotation": {
                        "x": 36.81249237060547,
                        "y": 238.1549530029297,
                        "z": 2.139049530029297
                    },
                    "FOV": 92.68699645996094,
                    "spoutName": "FastFrahu"
                }
            ],
            "objectPropDatas": [
                {
                    "propUuid": "00e83254-275a-4c92-8929-16fd90f756e2",
                    "position": {
                        "x": 0.7115814089775086,
                        "y": 0.04999985173344612,
                        "z": -0.01699025370180607
                    },
                    "rotation": {
                        "x": 0.00009391509956913069,
                        "y": 99.41742706298828,
                        "z": 270.00091552734377
                    },
                    "assetPropertiesUuid": "1f989113-98cd-48db-8989-dc5ed276933c"
                },
                {
                    "propUuid": "743efde6-4f6e-4778-99ba-dc92c490711d",
                    "position": {
                        "x": -0.20344112813472749,
                        "y": 0.04999978095293045,
                        "z": 0.243914395570755
                    },
                    "rotation": {
                        "x": 0.0012566236546263099,
                        "y": 292.2286376953125,
                        "z": 0.000802591850515455
                    },
                    "assetPropertiesUuid": "1f989113-98cd-48db-8989-dc5ed276933c"
                },
                {
                    "propUuid": "a9e3601e-b866-4db4-a277-d357d5c36358",
                    "position": {
                        "x": -0.6664283275604248,
                        "y": 0.01786356046795845,
                        "z": 0.3127410113811493
                    },
                    "rotation": {
                        "x": 285.2567138671875,
                        "y": 257.4624938964844,
                        "z": 131.6575164794922
                    },