{
    "scenes": [
        {
            "sceneUuid": "ff4965da-207d-4821-a841-ec0c57578f13",
            "name": "ff4965da-207d-4821-a841-ec0c57578f13",
            "locationUuid": "0457dcc4-1a41-4870-8617-a5aa5c432817",
            "characterUuids": [
                "206108ce-506d-4a3f-971e-bf61e4d4d0a5",
                "f1df13d6-ed26-4944-b846-bd25ff8482f5"
            ],
            "cameraPropDatas": [
                {
                    "propUuid": "adf7f6bf-fd39-4513-9a41-23596fa05cf2",
                    "position": {
                        "x": 1.4006630182266236,
                        "y": 1.5111793279647828,
                        "z": 1.0464609861373902
                    },
                    "rotation": {
                        "x": 36.784645080566409,
                        "y": 237.51123046875,
                        "z": 5.048797130584717
                    },
                    "FOV": 38.34397888183594,
                    "spoutName": "QuickView"
                },
                {
                    "propUuid": "d5bdc64e-1e50-4fd8-965a-acea7d2521b1",
                    "position": {
                        "x": -1.5398035049438477,
                        "y": 1.5857895612716675,
                        "z": 1.3001419305801392
                    },
                    "rotation": {
                        "x": 31.65221405029297,
                        "y": 125.71934509277344,
                        "z": 359.6573486328125
                    },
                    "FOV": 103.03366088867188,
                    "spoutName": "ClearScope"
                }
            ],
            "objectPropDatas": [
                {
                    "propUuid": "1a015199-074f-46a4-b899-182042cc1035",
                    "position": {
                        "x": -0.28989362716674807,
                        "y": 0.04999999701976776,
                        "z": 0.17180421948432923
                    },
                    "rotation": {
                        "x": 0.0003172002325300127,
                        "y": 274.0538330078125,
                        "z": -0.0003101852198597044
                    },
                    "assetPropertiesUuid": "1f989113-98cd-48db-8989-dc5ed276933c"
                },
                {
                    "propUuid": "d78ae51a-1671-4da4-9d66-aeb6fa2f99f3",
                    "position": {
                        "x": 0.3377741873264313,
                        "y": 0.9065436720848084,
                        "z": 1.765296459197998
                    },
                    "rotation": {
                        "x": 0.000014404108696908224,
                        "y": 205.8240509033203,
                        "z": 179.99974060058595
                    },
                    "assetPropertiesUuid": "1f989113-98cd-48db-8989-dc5ed276933c"
                },
                {
                    "propUuid": "ce18e077-7f8c-49b4-be6d-1de2e8c90970",
                    "position": {
                        "x": 0.5980059504508972,
                        "y": 0.7079827785491943,
                        "z": 1.8064090013504029
                    },
                    "rotation": {
                        "x": 0.00027998440782539546,
                        "y": 359.0993347167969,
                        "z": 89.99968719482422
                    },
                    "assetPropertiesUuid": "1f989113-98cd-48db-8989-dc5ed276933c"
                }
            ]
        },
        {
            "sceneUuid": "a84de4c5-0d26-476b-b5f7-d97ec1d9cdbd",
            "name": "a84de4c5-0d26-476b-b5f7-d97ec1d9cdbd",
            "locationUuid": "0457dcc4-1a41-4870-8617-a5aa5c432817",
            "characterUuids": [
                "206108ce-506d-4a3f-971e-bf61e4d4d0a5"
            ],
            "cameraPropDatas": [
                {
                    "propUuid": "90b3078e-2673-4b69-aa85-7206a6145164",
                    "position": {
                        "x": -1.4133280515670777,
                        "y": 1.4795794486999512,
                        "z": 1.2952754497528077
                    },
                    "rotation": {
                        "x": 29.08642578125,
                        "y": 128.30734252929688,
                        "z": 358.8107604980469
                    },
                    "FOV": 60.0,
                    "spoutName": "QuickView"
                },
                {
                    "propUuid": "a0e1466a-cb43-45c5-b8e5-fe4295241e15",
                    "position": {
                        "x": 1.5183422565460206,
                        "y": 1.4582005739212037,
                        "z": 1.0734039545059205
                    },
                    "rotation": {
                        "x": 33.60414123535156,
                        "y": 233.24984741210938,
                        "z": 1.4532755613327027
                    },
                    "FOV": 60.0,
                    "spoutName": "SmoothShot"
                }
            ],
            "objectPropDatas": [
                {
                    "propUuid": "85e633ee-a954-4ee7-ac79-08fc9b366f8a",
                    "position": {
                        "x": 0.30104994773864748,
                        "y": 0.05000004172325134,
                        "z": 1.3945553302764893
                    },
                    "rotation": {
                        "x": 0.000023312726625590585,
                        "y": 5.889726161956787,
                        "z": 0.000009538514859741554
                    },
                    "assetPropertiesUuid": "1f989113-98cd-48db-8989-dc5ed276933c"
                },
                {
                    "propUuid": "00d3c251-5aa9-483b-8d93-8e3d84e77ef7",
                    "position": {
                        "x": 0.08462826907634735,
                        "y": -431.1780700683594,
                        "z": 0.679656982421875
                    },
                    "rotation": {
                        "x": 0.303722620010376,
                        "y": 356.26708984375,
                        "z": 358.31085205078127
                    },
                    "assetPropertiesUuid": "1f989113-98cd-48db-8989-dc5ed276933c"
                },
                {
                    "propUuid": "de3e3321-708b-48cf-8d52-6435f13ea6d4",
                    "position": {
                        "x": 0.19942688941955567,
                        "y": -710.4130249023438,
                        "z": 0.8539342880249023
                    },
                    "rotation": {
                        "x": 324.7782287597656,
                        "y": 4.17164945602417,
                        "z": 1.6069329977035523
                    },
                    "assetPropertiesUuid": "1f989113-98cd-48db-8989-dc5ed276933c"
                },
                {
                    "propUuid": "692cdfc4-fb19-47c8-863a-2a43040cb550",
                    "position": {
                        "x": 0.18009346723556519,
                        "y": -865.6739501953125,
                        "z": 0.5445155501365662
                    },
                    "rotation": {
                        "x": 326.264404296875,
                        "y": 4.3521409034729,
                        "z": 2.1876845359802248
                    },
                    "assetPropertiesUuid": "1f989113-98cd-48db-8989-dc5ed276933c"
                },
                {
                    "propUuid": "510fb538-1c0f-435c-93d7-7ffa48eac4cc",
                    "position": {
                        "x": 0.18564921617507935,
                        "y": -1107.1629638671875,
                        "z": 0.6526989936828613
                    },
                    "rotation": {
                        "x": 329.3473205566406,
                        "y": 4.165975093841553,
                        "z": 358.55859375
                    },