{
    "scenes": [
        {
            "sceneUuid": "8af39157-726e-4db1-9bc2-0acb1ddfd8ec",
            "name": "8af39157-726e-4db1-9bc2-0acb1ddfd8ec",
            "locationUuid": "0457dcc4-1a41-4870-8617-a5aa5c432817",
            "characterUuids": [
                "206108ce-506d-4a3f-971e-bf61e4d4d0a5"
            ],
            "cameraPropDatas": [
                {
                    "propUuid": "0a5fd2c3-afae-4285-982f-da92c2eecdb0",
                    "position": {
                        "x": 1.3138110637664796,
                        "y": 1.2946916818618775,
                        "z": 1.0414658784866334
                    },
                    "rotation": {
                        "x": 33.56822967529297,
                        "y": 235.39285278320313,
                        "z": 359.7471923828125
                    },
                    "FOV": 33.944969177246097,
                    "spoutName": "LightBeam"
                },
                {
                    "propUuid": "d6fbada8-c6de-40ad-8aa6-0fbd83217a85",
                    "position": {
                        "x": -1.1469467878341675,
                        "y": 1.0684703588485718,
                        "z": 0.985930323600769
                    },
                    "rotation": {
                        "x": 23.260013580322267,
                        "y": 118.43968963623047,
                        "z": 354.4105224609375
                    },
                    "FOV": 121.9272232055664,
                    "spoutName": "BrightLook"
                }
            ],
            "objectPropDatas": [
                {
                    "propUuid": "8a99cf77-b172-43a2-ac5b-87c9f5af7a72",
                    "position": {
                        "x": -1.1719940900802613,
                        "y": 0.5426543354988098,
                        "z": 1.4861423969268799
                    },
                    "rotation": {
                        "x": 358.4050598144531,
                        "y": 312.5638122558594,
                        "z": 87.68875885009766
                    },
                    "assetPropertiesUuid": "1f989113-98cd-48db-8989-dc5ed276933c"
                },
                {
                    "propUuid": "fd4fcf8b-5e10-4389-b65e-c4ee1afc7b26",
                    "position": {
                        "x": 1.1959551572799683,
                        "y": 0.5094215869903565,
                        "z": 1.555161952972412
                    },
                    "rotation": {
                        "x": -0.00027898832922801375,
                        "y": 36.00391387939453,
                        "z": -0.00006102969928178936
                    },
                    "assetPropertiesUuid": "1f989113-98cd-48db-8989-dc5ed276933c"
                },
                {
                    "propUuid": "42bae881-0300-49e1-b8ae-b25290c85dc3",
                    "position": {
                        "x": 0.4110106825828552,
                        "y": 0.9065439105033875,
                        "z": 1.5549418926239014
                    },
                    "rotation": {
                        "x": 0.00008883762347977608,
                        "y": 10.567480087280274,
                        "z": -0.0001901939685922116
                    },
                    "assetPropertiesUuid": "1f989113-98cd-48db-8989-dc5ed276933c"
                }
            ]
        },
        {
            "sceneUuid": "16a9d9d6-616d-4edf-a80d-75c0b34b3938",
            "name": "16a9d9d6-616d-4edf-a80d-75c0b34b3938",
            "locationUuid": "0457dcc4-1a41-4870-8617-a5aa5c432817",
            "characterUuids": [
                "206108ce-506d-4a3f-971e-bf61e4d4d0a5"
            ],
            "cameraPropDatas": [
                {
                    "propUuid": "a3963ee3-8245-407a-b51f-b273a812f63d",
                    "position": {
                        "x": 0.1759055107831955,
                        "y": 1.2387094497680665,
                        "z": 1.077810525894165
                    },
                    "rotation": {
                        "x": 38.65730667114258,
                        "y": 180.50387573242188,
                        "z": 5.735700607299805
                    },
                    "FOV": 60.0,
                    "spoutName": "PureShot"
                },
                {
                    "propUuid": "ed2d7292-97c8-47d4-a9d6-e6150a9a74c6",
                    "position": {
                        "x": 0.9441713094711304,
                        "y": 0.5095069408416748,
                        "z": -0.016307447105646135
                    },
                    "rotation": {
                        "x": 9.99203109741211,
                        "y": 268.90411376953127,
                        "z": 358.58465576171877
                    },
                    "FOV": 97.4753646850586,
                    "spoutName": "PureFrame"
                },
                {
                    "propUuid": "f848dfb9-eb1a-45a0-a2b4-89247004b3c4",
                    "position": {
                        "x": 0.8276615738868713,
                        "y": 0.5591137409210205,
                        "z": 0.7721246480941773
                    },
                    "rotation": {
                        "x": 9.896215438842774,
                        "y": 219.5957489013672,
                        "z": 357.2157897949219
                    },
                    "FOV": 78.75516510009766,
                    "spoutName": "PureFrame"
                },
                {
                    "propUuid": "41e4b8f0-15fe-4643-a8ca-27fbf823c396",
                    "position": {
                        "x": 1.0829517841339112,
                        "y": 1.588017463684082,
                        "z": -1.0574369430541993
                    },
                    "rotation": {
                        "x": 44.14325714111328,
                        "y": 314.08465576171877,
                        "z": 1.1549283266067505
                    },
                    "FOV": 119.17391967773438,
                    "spoutName": "VividEye"
                },
                {
                    "propUuid": "d8d2e0f1-ff65-4ef8-b9a8-c9e8046011a3",
                    "position": {
                        "x": 1.1433775424957276,
                        "y": 0.6688097715377808,
                        "z": -1.3209035396575928
                    },
                    "rotation": {
                        "x": 10.948691368103028,
                        "y": 319.03118896484377,
                        "z": 359.38818359375
                    },
                    "FOV": 31.651498794555665,
                    "spoutName": "DeepFocus"
                },
                {
                    "propUuid": "2025c03d-c629-43f3-8c47-47c918caeeb7",
                    "position": {
                        "x": -1.3662370443344117,
                        "y": 1.41437566280365,
                        "z": 1.3575654029846192
                    },
                    "rotation": {
                        "x": 28.46282958984375,
                        "y": 133.02874755859376,
                        "z": 358.2256774902344
                    },
                    "FOV": 105.19570922851563,
                    "spoutName": "SharpSight"
                },
                {
                    "propUuid": "df06ac08-e7d0-4156-a60d-14a187f3f77b",
                    "position": {
                        "x": 1.3057540655136109,
                        "y": 0.6478796601295471,
                        "z": -1.555565357208252
                    },
                    "rotation": {
                        "x": 8.422619819641114,
                        "y": 320.64715576171877,
                        "z": 356.1837463378906
                    },
                    "FOV": 114.67623138427735,